{
    "tracker_capture_item": {
        "type": "container",
        "content": {
            "type": "layout",
            "key": "main_item_grid"
        }
    },
    "tracker_default": {
        "type": "container",
        "background": "#212121",
        "dropshadow": true,
        "margin": "5",
        "content": {
            "type": "dock",
            "content": [
                {
                    "type": "dock",
                    "dock": "left",
                    "content": [
                        {
                            "type": "group",
                            "header": "Items",
                            "dock": "top",
                            "width": 416,
                            "content": {
                                "type": "layout",
                                "key": "full_item_grid"
                            }
                        },
                        {
                            "type": "group",
                            "header": "Bosses",
                            "width": 416,
                            "dock": "top",
                            "content": {
                                "type": "layout",
                                "key": "bosses_grid"
                            }
                        },
                        {
                            "type": "group",
                            "header": "Pinned Locations",
                            "dock": "bottom",
                            "content": {
                                "type": "recentpins",
                                "style": "wrap",
                                "h_alignment": "stretch",
                                "v_alignment": "stretch",
                                "orientation": "vertical",
                                "compact": true
                            }
                        }
                    ]
                },
                {
                    "type": "tabbed",
                    "tabs": [
                        {
                            "title": "Mimiga Village",
                            "icon": "images/maps/icon_mimiga.png",
                            "content": {
                                "type": "map",
                                "maps": [
                                    "mimigavillage"
                                ]
                            }
                        },
                        {
                            "title": "Egg Corridor",
                            "icon": "images/maps/icon_egg.png",
                            "content": {
                                "type": "dock",
                                "content": [
                                    {
                                        "type": "map",
                                        "dock": "top",
                                        "maps": [ "egg1" ]
                                    },
                                    {
                                        "type": "map",
                                        "maps": [ "egg2" ]
                                    }
                                ]
                            }
                        },
                        {
                            "title": "Grasstown",
                            "icon": "images/maps/icon_grasstown.png",
                            "content": {
                                "type": "map",
                                "maps": [
                                    "grasstown"
                                ]
                            }
                        },
                        {
                            "title": "Sand Zone",
                            "icon": "images/maps/icon_sandzone.png",
                            "content": {
                                "type": "map",
                                "maps": [
                                    "sandzone"
                                ]
                            }
                        },
                        {
                            "title": "Labyrinth",
                            "icon": "images/maps/icon_labyrinth.png",
                            "content": {
                                "type": "array",
                                "orientation": "vertical",
                                "content": [
                                    {
                                        "type": "map",
                                        "maps": [ "labyrinthWest" ]
                                    },
                                    {
                                        "type": "map",
                                        "maps": [ "labyrinthEast" ]
                                    }
                                ]
                            }
                        },
                        {
                            "title": "Plantation",
                            "icon": "images/maps/icon_plantation.png",
                            "content": {
                                "type": "map",
                                "maps": [
                                    "plantation",
                                    "outerwall"
                                ]
                            }
                        },
                        {
                            "title": "Settings",
                            "icon": "images/settings/icon.png",
                            "content": {
                                "type": "layout",
                                "key": "settings"
                            }
                        }
                    ]
                }
            ]
        }
    }
}