[
  {
    "name": "Hermit's Gun",
    "type": "progressive",
    "stages": [
      {
        "img": "images/weapons/polarstar.png",
        "codes": "polarStar,weaponBoss,weaponSN,weapon"
      },
      {
        "img": "images/weapons/spur.png",
        "codes": "spur"
      }
    ]
  },
  {
    "name": "Missile Launcher",
    "type": "progressive",
    "stages": [
      {
        "img": "images/weapons/missilelauncher.png",
        "codes": "missiles,weaponSN,weapon"
      },
      {
        "img": "images/weapons/supermissilelauncher.png",
        "codes": "supers"
      }
    ]
  },
  {
    "name": "Fireball",
    "type": "toggle",
    "img": "images/weapons/fireball.png",
    "codes": "fireball,weaponBoss,weapon"
  },
  {
    "name": "Bubbler",
    "type": "toggle",
    "img": "images/weapons/bubbler.png",
    "codes": "bubbler,weaponBoss,weapon"
  },
  {
    "name": "Machine Gun",
    "type": "toggle",
    "img": "images/weapons/machinegun.png",
    "codes": "machineGun,weaponBoss,weaponSN,flight,weapon"
  },
  {
    "name": "Blade",
    "type": "toggle",
    "img": "images/weapons/blade.png",
    "codes": "blade,weaponBoss,weaponSN,weapon"
  },
  {
    "name": "Snake",
    "type": "toggle",
    "img": "images/weapons/snake.png",
    "codes": "snake,weaponBoss,weapon"
  },
  {
    "name": "Nemesis",
    "type": "toggle",
    "img": "images/weapons/nemesis.png",
    "codes": "nemesis,weaponBoss,weaponSN,weapon"
  },
  {
    "name": "Map System",
    "type": "toggle",
    "img": "images/mapsystem.png",
    "codes": "mapSystem"
  },
  {
    "name": "Silver Locket",
    "type": "progressive_toggle",
    "stages": [
      {
        "img": "images/silverlocket.png",
        "codes": "silverLocket,locket"
      },
      {
        "img": "images/silverlockettoroko.png",
        "codes": "silverLocket,locket",
        "secondary_codes": "toroko"
      }
    ]
  },
  {
    "name": "Arthur's Key",
    "type": "progressive_toggle",
    "stages": [
      {
        "img": "images/arthurskey.png",
        "codes": "arthursKey,arthurs"
      },
      {
        "img": "images/arthurskeyused.png",
        "codes": "arthursKey,arthurs",
        "secondary_codes": "used"
      }
    ]
  },
  {
    "name": "ID Card",
    "type": "toggle",
    "img": "images/idcard.png",
    "codes": "idcard"
  },
  {
    "name": "Santa's Key",
    "type": "progressive_toggle",
    "stages": [
      {
        "img": "images/santaskey.png",
        "codes": "santasKey,santaKey,santas,santa"
      },
      {
        "img": "images/santaskeyused.png",
        "codes": "santasKey,santaKey,santas,santa",
        "secondary_codes": "used"
      }
    ]
  },
  {
    "name": "Chaco's Lipstick",
    "type": "toggle",
    "img": "images/lipstick.png",
    "codes": "lipstick,chacosLipstick"
  },
  {
    "name": "Curly's Panties",
    "type": "toggle",
    "img": "images/panties.png",
    "codes": "panties,curlysPanties"
  },
  {
    "name": "Lewds",
    "type": "composite_toggle",
    "codes": "lewds",
    "item_left": "lipstick",
    "item_right": "panties",
    "images": [
      {
        "left": false,
        "right": false,
        "img": "images/lewds.png",
        "img_mods": "@disabled"
      },
      {
        "left": true,
        "right": false,
        "img": "images/lewdslipstick.png"
      },
      {
        "left": false,
        "right": true,
        "img": "images/lewdspanties.png"
      },
      {
        "left": true,
        "right": true,
        "img": "images/lewds.png"
      }
    ]
  },
  {
    "name": "Jellyfish Juice",
    "type": "toggle",
    "img": "images/juice.png",
    "codes": "jellyfishJuice,juice"
  },
  {
    "name": "Charcoal",
    "type": "toggle",
    "img": "images/charcoal.png",
    "codes": "charcoal"
  },
  {
    "name": "Rusty Key",
    "type": "progressive_toggle",
    "stages": [
      {
        "img": "images/rustykey.png",
        "codes": "rustyKey,rusty"
      },
      {
        "img": "images/rustykeyused.png",
        "codes": "rustyKey,rusty",
        "secondary_codes": "used"
      }
    ]
  },
  {
    "name": "Gum Key",
    "type": "progressive_toggle",
    "stages": [
      {
        "img": "images/gumkey.png",
        "codes": "gumKey"
      },
      {
        "img": "images/gumkeyused.png",
        "codes": "gumKey",
        "secondary_codes": "used"
      }
    ]
  },
  {
    "name": "Gum Base",
    "type": "toggle",
    "img": "images/gumbase.png",
    "codes": "gumBase,gum"
  },
  {
    "name": "Bomb",
    "type": "toggle",
    "img": "images/bomb.png",
    "codes": "bomb,explosive"
  },

  {
    "name": "Puppies",
    "type": "progressive",
    "allow_disabled": "false",
    "stages": [
      {
        "img": "images/puppy0.png",
        "img_mods": "@disabled",
        "codes": "puppy0"
      },
      {
        "img": "images/puppy1.png"
      },
      {
        "img": "images/puppy2.png"
      },
      {
        "img": "images/puppy3.png"
      },
      {
        "img": "images/puppy4.png"
      },
      {
        "img": "images/puppy5.png",
        "codes": "puppies,puppy5"
      }
    ]
  },
  {
    "name": "Life Pot",
    "type": "progressive_toggle",
    "stages": [
      {
        "img": "images/lifepot.png",
        "codes": "lifePot"
      },
      {
        "img": "images/lifepotused.png",
        "codes": "lifePot",
        "secondary_codes": "used"
      }
    ]
  },

  {
    "name": "Turbocharge",
    "type": "toggle",
    "img": "images/turbocharge.png",
    "codes": "turbocharge"
  },
  {
    "name": "Clinic Key",
    "type": "progressive_toggle",
    "stages": [
      {
        "img": "images/clinickey.png",
        "codes": "clinicKey,clinic"
      },
      {
        "img": "images/clinickeyused.png",
        "codes": "clinicKey,clinic",
        "secondary_codes": "used"
      }
    ]
  },
  {
    "name": "Arms Barrier",
    "type": "toggle",
    "img": "images/armsbarrier.png",
    "codes": "armsBarrier"
  },
  {
    "name": "Cure-All",
    "type": "progressive_toggle",
    "stages": [
      {
        "img": "images/cureall.png",
        "codes": "cureAll"
      },
      {
        "img": "images/cureallused.png",
        "codes": "cureAll",
        "secondary_codes": "used"
      }
    ]
  },
  {
    "name": "Booster",
    "type": "progressive",
    "stages": [
      {
        "img": "images/booster1.png",
        "codes": "booster1,flight"
      },
      {
        "img": "images/booster2.png",
        "codes": "booster2"
      }
    ]
  },
  {
    "name": "Curly's Air Tank",
    "type": "toggle",
    "img": "images/airtank.png",
    "codes": "airtank,curlysairtank"
  },
  {
    "name": "Tow Rope",
    "type": "toggle",
    "img": "images/towrope.png",
    "codes": "towRope"
  },
  {
    "name": "Alien Medal",
    "type": "toggle",
    "img": "images/alienmedal.png",
    "codes": "alien,alienMedal"
  },
  {
    "name": "Clay Figure Medal",
    "type": "toggle",
    "img": "images/claymedal.png",
    "codes": "clay,clayMedal"
  },
  {
    "name": "Medals",
    "type": "composite_toggle",
    "codes": "medals",
    "item_left": "alien",
    "item_right": "clay",
    "images": [
      {
        "left": false,
        "right": false,
        "img": "images/medals.png",
        "img_mods": "@disabled"
      },
      {
        "left": true,
        "right": false,
        "img": "images/medalsalien.png"
      },
      {
        "left": false,
        "right": true,
        "img": "images/medalsclay.png"
      },
      {
        "left": true,
        "right": true,
        "img": "images/medals.png"
      }
    ]
  },
  {
    "name": "Whimsical Star",
    "type": "toggle",
    "img": "images/whimsical.png",
    "codes": "whimsy,whimsical,whimsicalStar"
  },
  {
    "name": "Nikumaru Counter",
    "type": "toggle",
    "img": "images/nikumaru.png",
    "codes": "nikumaru,nikumaruCounter,counter290"
  },
  {
    "name": "Teleporter Room Key",
    "type": "progressive_toggle",
    "stages": [
      {
        "img": "images/teleportkey.png",
        "codes": "teleportKey"
      },
      {
        "img": "images/teleportkeyused.png",
        "codes": "teleportKey",
        "secondary_codes": "used"
      }
    ]
  },
  {
    "name": "Sue's Letter",
    "type": "toggle",
    "img": "images/suesletter.png",
    "codes": "letter,suesLetter"
  },
  {
    "name": "Mimiga Mask",
    "type": "toggle",
    "img": "images/mimigamask.png",
    "codes": "mask,mimigaMask"
  },
  {
    "name": "Broken Sprinkler",
    "type": "toggle",
    "img": "images/brokensprinkler.png",
    "codes": "sprinklerB,brokenSprinkler"
  },
  {
    "name": "Sprinkler",
    "type": "toggle",
    "img": "images/sprinkler.png",
    "codes": "sprinkler"
  },
  {
    "name": "Sprinklers",
    "type": "composite_toggle",
    "codes": "sprinklers",
    "item_left": "brokenSprinkler",
    "item_right": "sprinkler",
    "images": [
      {
        "left": false,
        "right": false,
        "img": "images/sprinklers.png",
        "img_mods": "@disabled"
      },
      {
        "left": true,
        "right": false,
        "img": "images/sprinklersbroken.png"
      },
      {
        "left": false,
        "right": true,
        "img": "images/sprinklersnew.png"
      },
      {
        "left": true,
        "right": true,
        "img": "images/sprinkler.png"
      }
    ]
  },
  {
    "name": "Controller",
    "type": "toggle",
    "img": "images/controller.png",
    "codes": "controller"
  },
  {
    "name": "Mushroom Badge",
    "type": "toggle",
    "img": "images/mushroombadge.png",
    "codes": "mushroom,mushroomBadge"
  },
  {
    "name": "Ma Pignon",
    "type": "progressive_toggle",
    "stages": [
      {
        "img": "images/mapignon.png",
        "codes": "maPignon"
      },
      {
        "img": "images/mapignonfed.png",
        "codes": "maPignon",
        "secondary_codes": "used,fed"
      }
    ]
  },
  {
    "name": "Mr Little",
    "type": "progressive_toggle",
    "stages": [
      {
        "img": "images/mrlittle.png",
        "codes": "mrLittle"
      },
      {
        "img": "images/mrlittlehome.png",
        "codes": "mrLittle",
        "secondary_codes": "used,home,returned"
      }
    ]
  },
  {
    "name": "Iron Bond",
    "type": "toggle",
    "img": "images/ironbond.png",
    "codes": "ironbond"
  },
  {
    "name": "Saved Sue",
    "type": "toggle",
    "img": "images/eventsue.png",
    "codes": "eventSue"
  },
  {
    "name": "Saved Kazuma",
    "type": "toggle",
    "img": "images/eventkazuma.png",
    "codes": "eventKazuma"
  },
  {
    "name": "Saved Curly",
    "type": "toggle",
    "img": "images/eventcurly.png",
    "codes": "eventCurly"
  },
  {
    "name": "Defeated Balrog 1",
    "type": "toggle",
    "img": "images/boss/balrog1.png",
    "codes": "bossBalrog1"
  },
  {
    "name": "Defeated Igor",
    "type": "toggle",
    "img": "images/boss/igor.png",
    "codes": "bossIgor"
  },
  {
    "name": "Defeated Balrog 2",
    "type": "toggle",
    "img": "images/boss/balrog2.png",
    "codes": "bossBalrog2"
  },
  {
    "name": "Defeated Balfrog",
    "type": "toggle",
    "img": "images/boss/balfrog.png",
    "codes": "bossBalfrog"
  },
  {
    "name": "Defeated Curly",
    "type": "toggle",
    "img": "images/boss/curly.png",
    "codes": "bossCurly"
  },
  {
    "name": "Defeated Omega",
    "type": "toggle",
    "img": "images/boss/omega.png",
    "codes": "bossOmega"
  },
  {
    "name": "Defeated Toroko+",
    "type": "toggle",
    "img": "images/boss/toroko.png",
    "codes": "bossToroko"
  },
  {
    "name": "Defeated Puu Black",
    "type": "toggle",
    "img": "images/boss/puublack.png",
    "codes": "bossPuuBlack"
  },
  {
    "name": "Defeated Monster X",
    "type": "toggle",
    "img": "images/boss/monsterx.png",
    "codes": "bossMonsterX"
  },
  {
    "name": "Defeated Balrog 3",
    "type": "toggle",
    "img": "images/boss/balrog3.png",
    "codes": "bossBalrog3"
  },
  {
    "name": "Defeated Core",
    "type": "toggle",
    "img": "images/boss/core.png",
    "codes": "bossCore"
  },
  {
    "name": "Defeated Ironhead",
    "type": "toggle",
    "img": "images/boss/ironhead.png",
    "codes": "bossIronhead"
  },
  {
    "name": "Defeated the Sisters",
    "type": "toggle",
    "img": "images/boss/sisters.png",
    "codes": "bossSisters"
  },
  {
    "name": "Defeated Ma Pignon",
    "type": "toggle",
    "img": "images/boss/mapignon.png",
    "codes": "bossMaPignon"
  },
  {
    "name": "Defeated Red Demon",
    "type": "toggle",
    "img": "images/boss/reddemon.png",
    "codes": "bossRedDemon"
  },
  {
    "name": "Final Boss",
    "type": "toggle",
    "img": "images/boss/final.png",
    "codes": "bossFinal"
  }
]